datetime,temperature,dew_point,humidity,wind,wind_speed,pressure,condition,precip_total,precip_hrly
2016-11-01 00:00:00,59,52,77,CALM,0,28.57,Fair,None,None
2016-11-01 01:00:00,61,52,72,VAR,2,28.54,Partly Cloudy,None,None
2016-11-01 02:00:00,61,50,68,SSE,4,28.54,Partly Cloudy,None,None
2016-11-01 03:00:00,59,52,77,SSW,2,28.52,Partly Cloudy,None,None
2016-11-01 04:00:00,57,52,82,CALM,0,28.52,Partly Cloudy,None,None
2016-11-01 05:00:00,57,54,88,VAR,2,28.52,Partly Cloudy,None,None
2016-11-01 06:00:00,59,54,82,VAR,2,28.52,Partly Cloudy,None,None
2016-11-01 07:00:00,57,54,88,SSW,2,28.52,Partly Cloudy,None,None
2016-11-01 08:00:00,59,54,82,CALM,0,28.54,Partly Cloudy,None,None
2016-11-01 09:00:00,61,54,77,VAR,2,28.57,Partly Cloudy,None,None
2016-11-01 10:00:00,61,54,77,VAR,2,28.57,Fog,None,None
2016-11-01 11:00:00,63,54,72,N,4,28.57,Fog,None,None
2016-11-01 12:00:00,63,54,72,NNE,7,28.57,Fog,None,None
2016-11-01 13:00:00,59,54,82,NNE,7,28.57,Light Rain,None,None
2016-11-01 14:00:00,61,54,77,NNE,9,28.54,Fog,None,None
2016-11-01 15:00:00,61,54,77,N,9,28.54,Partly Cloudy,None,None
2016-11-01 16:00:00,61,54,77,N,7,28.54,Fog,None,None
2016-11-01 17:00:00,61,54,77,NE,7,28.54,Partly Cloudy,None,None
2016-11-01 18:00:00,61,54,77,ESE,4,28.54,Partly Cloudy,None,None
2016-11-01 19:00:00,59,54,82,SW,2,28.57,Partly Cloudy,None,None
2016-11-01 20:00:00,59,54,82,CALM,0,28.6,Partly Cloudy,None,None
2016-11-01 21:00:00,59,55,88,SW,2,28.6,Partly Cloudy,None,None
2016-11-01 22:00:00,59,55,88,SW,4,28.63,Fog,None,None
2016-11-01 23:00:00,57,55,94,VAR,2,28.63,Fog,None,None
2016-11-02 00:00:00,57,55,94,SW,2,28.63,Fog,None,None
2016-11-02 01:00:00,57,55,94,VAR,2,28.6,Fog,None,None
2016-11-02 02:00:00,57,55,94,CALM,0,28.6,Fog,None,None
2016-11-02 03:00:00,57,55,94,CALM,0,28.6,Fog,None,None
2016-11-02 04:00:00,55,55,100,S,4,28.57,Fog,None,None
2016-11-02 05:00:00,55,55,100,VAR,2,28.57,Fog,None,None
2016-11-02 06:00:00,55,55,100,CALM,0,28.57,Fog,None,None
2016-11-02 07:00:00,55,55,100,NNW,2,28.6,Fog,None,None
2016-11-02 08:00:00,57,55,94,NNW,2,28.6,Fog,None,None
2016-11-02 09:00:00,57,55,94,NW,2,28.6,Fog,None,None
2016-11-02 10:00:00,59,55,88,SW,2,28.63,Fog,None,None
2016-11-02 11:00:00,61,57,88,VAR,2,28.63,Fog,None,None
2016-11-02 12:00:00,63,57,82,VAR,2,28.6,Fog,None,None
2016-11-02 13:00:00,63,55,77,SW,4,28.57,Fog,None,None
2016-11-02 14:00:00,63,55,77,VAR,2,28.54,Fog,None,None
2016-11-02 15:00:00,63,55,77,N,4,28.52,Fog,None,None
2016-11-02 16:00:00,63,55,77,VAR,2,28.52,Fog,None,None
2016-11-02 17:00:00,64,55,73,VAR,2,28.52,Fog,None,None
2016-11-02 18:00:00,63,55,77,SW,2,28.52,Fog,None,None
2016-11-02 19:00:00,57,54,88,SSW,2,28.54,Fog,None,None
2016-11-02 20:00:00,55,54,94,VAR,2,28.57,Fog,None,None
2016-11-02 21:00:00,55,54,94,SW,2,28.57,Fog,None,None
2016-11-02 22:00:00,54,52,94,CALM,0,28.6,Fog,None,None
2016-11-02 23:00:00,54,54,100,CALM,0,28.57,Fog,None,None
2016-11-03 00:00:00,54,52,94,CALM,0,28.57,Fog,None,None
2016-11-03 01:00:00,54,54,100,S,4,28.57,Fog,None,None
2016-11-03 02:00:00,54,54,100,S,4,28.57,Fog,None,None
2016-11-03 03:00:00,52,52,100,CALM,0,28.57,Fog,None,None
2016-11-03 04:00:00,52,52,100,CALM,0,28.54,Fog,None,None
2016-11-03 05:00:00,52,52,100,CALM,0,28.54,Fog,None,None
2016-11-03 06:00:00,52,52,100,CALM,0,28.54,Fog,None,None
2016-11-03 07:00:00,52,52,100,SSW,2,28.54,Fog,None,None
2016-11-03 08:00:00,52,52,100,CALM,0,28.54,Fog,None,None
2016-11-03 09:00:00,54,54,100,CALM,0,28.57,Fog,None,None
2016-11-03 10:00:00,55,55,100,VAR,2,28.54,Fog,None,None
2016-11-03 11:00:00,59,59,100,VAR,2,28.54,Fog,None,None
2016-11-03 12:00:00,64,55,73,VAR,2,28.52,Fog,None,None
2016-11-03 13:00:00,64,54,68,E,4,28.46,Partly Cloudy,None,None
2016-11-03 14:00:00,68,52,56,VAR,4,28.4,Partly Cloudy,None,None
2016-11-03 15:00:00,70,52,53,VAR,2,28.38,Partly Cloudy,None,None
2016-11-03 16:00:00,68,52,56,E,4,28.35,Partly Cloudy,None,None
2016-11-03 17:00:00,68,52,56,ESE,4,28.35,Partly Cloudy,None,None
2016-11-03 18:00:00,66,52,60,ESE,4,28.35,Partly Cloudy,None,None
2016-11-03 19:00:00,66,54,64,ENE,7,28.38,Partly Cloudy,None,None
2016-11-03 20:00:00,66,54,64,ENE,4,28.4,Partly Cloudy,None,None
2016-11-03 21:00:00,64,54,68,ESE,4,28.4,Partly Cloudy,None,None
2016-11-03 22:00:00,64,54,68,SE,4,28.4,Partly Cloudy,None,None
2016-11-03 23:00:00,57,54,88,SW,2,28.4,Fair,None,None
2016-11-04 00:00:00,57,55,94,CALM,0,28.4,Fair,None,None
2016-11-04 01:00:00,59,55,88,N,4,28.38,Fair,None,None
2016-11-04 02:00:00,57,55,94,CALM,0,28.38,Fog,None,None
2016-11-04 03:00:00,55,54,94,CALM,0,28.35,Fog,None,None
2016-11-04 04:00:00,54,54,100,VAR,2,28.35,Fog,None,None
2016-11-04 05:00:00,54,52,94,CALM,0,28.32,Fog,None,None
2016-11-04 06:00:00,54,54,100,CALM,0,28.29,Fog,None,None
2016-11-04 07:00:00,54,54,100,SW,2,28.29,Fog,None,None
2016-11-04 08:00:00,54,54,100,CALM,0,28.32,Fog,None,None
2016-11-04 09:00:00,59,57,94,CALM,0,28.32,Fog,None,None
2016-11-04 10:00:00,61,57,88,CALM,0,28.32,Fog,None,None
2016-11-04 11:00:00,63,57,82,CALM,0,28.29,Fog,None,None
2016-11-04 12:00:00,66,57,73,VAR,2,28.27,Haze,None,None
2016-11-04 13:00:00,68,55,64,VAR,2,28.21,Haze,None,None
2016-11-04 14:00:00,68,55,64,VAR,2,28.18,Haze,None,None
2016-11-04 15:00:00,68,55,64,VAR,2,28.13,Haze,None,None
2016-11-04 16:00:00,66,55,68,ESE,4,28.13,Partly Cloudy,None,None
2016-11-04 17:00:00,66,54,64,VAR,2,28.13,Partly Cloudy,None,None
2016-11-04 18:00:00,66,54,64,VAR,2,28.13,Partly Cloudy,None,None
2016-11-04 19:00:00,64,55,73,CALM,0,28.15,Partly Cloudy,None,None
2016-11-04 20:00:00,63,57,82,CALM,0,28.15,Partly Cloudy,None,None
2016-11-04 21:00:00,63,57,82,CALM,0,28.18,Partly Cloudy,None,None
2016-11-04 22:00:00,63,57,82,NNW,2,28.18,Fog,None,None
2016-11-04 23:00:00,61,57,88,VAR,2,28.18,Fog,None,None
2016-11-05 00:00:00,61,57,88,N,4,28.18,Fog,None,None
2016-11-05 01:00:00,61,57,88,N,7,28.15,Fog,None,None
2016-11-05 02:00:00,61,57,88,NNE,4,28.18,Fog,None,None
2016-11-05 03:00:00,61,57,88,N,2,28.15,Fog,None,None
2016-11-05 04:00:00,61,57,88,N,2,28.15,Fog,None,None
2016-11-05 05:00:00,59,57,94,CALM,0,28.15,Fog,None,None
2016-11-05 06:00:00,59,57,94,CALM,0,28.15,Fog,None,None
2016-11-05 07:00:00,59,57,94,CALM,0,28.15,Fog,None,None
2016-11-05 08:00:00,61,57,88,CALM,0,28.18,Fog,None,None
2016-11-05 09:00:00,61,57,88,VAR,2,28.18,Fog,None,None
2016-11-05 10:00:00,63,57,82,VAR,2,28.18,Fog,None,None
2016-11-05 11:00:00,63,57,82,CALM,0,28.18,Fog,None,None
2016-11-05 12:00:00,64,57,77,VAR,2,28.15,Fog,None,None
2016-11-05 13:00:00,66,57,73,VAR,2,28.13,Fog,None,None
2016-11-05 14:00:00,66,57,73,VAR,2,28.1,Fog,None,None
2016-11-05 15:00:00,68,57,68,VAR,2,28.1,Fog,None,None
2016-11-05 16:00:00,66,57,73,VAR,2,28.07,Fog,None,None
2016-11-05 17:00:00,68,55,64,VAR,2,28.1,Haze,None,None
2016-11-05 18:00:00,66,55,68,VAR,2,28.1,Fog,None,None
2016-11-05 19:00:00,64,57,77,CALM,0,28.13,Fog,None,None
2016-11-05 20:00:00,63,59,88,CALM,0,28.13,Fog,None,None
2016-11-05 21:00:00,63,59,88,CALM,0,28.15,Fog,None,None
2016-11-05 22:00:00,63,59,88,CALM,0,28.18,Fog,None,None
2016-11-05 23:00:00,63,59,88,CALM,0,28.18,Fog,None,None
2016-11-06 00:00:00,63,59,88,N,4,28.18,Fog,None,None
2016-11-06 01:00:00,63,59,88,N,4,28.18,Fog,None,None
2016-11-06 02:00:00,63,59,88,N,4,28.18,Fog,None,None
2016-11-06 03:00:00,61,59,94,N,4,28.18,Fog,None,None
2016-11-06 04:00:00,61,59,94,CALM,0,28.18,Light Rain,None,None
2016-11-06 05:00:00,61,59,94,CALM,0,28.15,Fog,None,None
2016-11-06 06:00:00,61,59,94,CALM,0,28.15,Fog,None,None
2016-11-06 07:00:00,61,59,94,CALM,0,28.18,Fog,None,None
2016-11-06 08:00:00,61,59,94,VAR,2,28.21,Fog,None,None
2016-11-06 09:00:00,61,59,94,NW,2,28.21,Fog,None,None
2016-11-06 10:00:00,63,59,88,CALM,0,28.24,Fog,None,None
2016-11-06 11:00:00,63,59,88,VAR,2,28.24,Fog,None,None
2016-11-06 12:00:00,64,59,83,VAR,2,28.21,Fog,None,None
2016-11-06 13:00:00,64,59,83,VAR,2,28.21,Fog,None,None
2016-11-06 14:00:00,64,59,83,CALM,0,28.15,Fog,None,None
2016-11-06 15:00:00,64,59,83,CALM,0,28.15,Fog,None,None
2016-11-06 16:00:00,64,57,77,CALM,0,28.18,Fog,None,None
2016-11-06 17:00:00,64,55,73,N,7,28.15,Fog,None,None
2016-11-06 18:00:00,63,55,77,N,4,28.18,Fog,None,None
2016-11-06 19:00:00,63,57,82,N,4,28.24,Light Rain Shower,None,None
2016-11-06 20:00:00,61,59,94,N,9,28.24,Light Rain Shower,None,None
2016-11-06 21:00:00,59,59,100,N,4,28.29,Light Rain Shower,None,None
2016-11-06 22:00:00,61,59,94,N,9,28.29,Light Rain Shower,None,None
2016-11-06 23:00:00,59,59,100,N,7,28.29,Light Rain Shower,None,None
2016-11-07 00:00:00,59,59,100,N,4,28.29,Light Rain Shower,None,None
2016-11-07 01:00:00,59,59,100,NNE,7,28.29,Light Rain Shower,None,None
2016-11-07 02:00:00,59,57,94,NE,7,28.29,Light Rain Shower,None,None
2016-11-07 03:00:00,59,57,94,NE,7,28.29,Light Rain Shower,None,None
2016-11-07 04:00:00,57,55,94,NE,9,28.32,Light Rain Shower,None,None
2016-11-07 05:00:00,55,55,100,NE,9,28.35,Light Rain Shower,None,None
2016-11-07 06:00:00,55,54,94,NNE,7,28.38,Partly Cloudy,None,None
2016-11-07 07:00:00,55,52,88,N,4,28.4,Partly Cloudy,None,None
2016-11-07 08:00:00,55,52,88,VAR,2,28.46,Partly Cloudy,None,None
2016-11-07 09:00:00,57,52,82,VAR,2,28.49,Partly Cloudy,None,None
2016-11-07 10:00:00,57,54,88,VAR,2,28.52,Partly Cloudy,None,None
2016-11-07 11:00:00,57,54,88,W,4,28.54,Partly Cloudy,None,None
2016-11-07 12:00:00,59,54,82,VAR,2,28.54,Partly Cloudy,None,None
2016-11-07 13:00:00,57,52,82,SW,4,28.54,Partly Cloudy,None,None
2016-11-07 14:00:00,59,52,77,VAR,2,28.52,Light Rain,None,None
2016-11-07 15:00:00,57,54,88,SW,4,28.52,Light Rain,None,None
2016-11-07 16:00:00,57,55,94,SW,4,28.54,Light Rain,None,None
2016-11-07 17:00:00,54,52,94,W,4,28.57,Light Rain,None,None
2016-11-07 18:00:00,54,52,94,W,4,28.6,Light Rain,None,None
2016-11-07 19:00:00,52,50,94,W,7,28.6,Light Rain,None,None
2016-11-07 20:00:00,52,50,94,WSW,7,28.63,Light Rain,None,None
2016-11-07 21:00:00,54,50,88,SW,7,28.63,Partly Cloudy,None,None
2016-11-07 22:00:00,52,50,94,SSW,4,28.65,Light Rain,None,None
2016-11-07 23:00:00,52,50,94,S,4,28.65,Light Rain,None,None
2016-11-08 00:00:00,52,50,94,S,4,28.65,Partly Cloudy,None,None
2016-11-08 01:00:00,52,50,94,SSE,4,28.65,Partly Cloudy,None,None
2016-11-08 02:00:00,52,52,100,SSE,4,28.65,Partly Cloudy,None,None
2016-11-08 03:00:00,52,52,100,VAR,2,28.63,Partly Cloudy,None,None
2016-11-08 04:00:00,52,50,94,S,2,28.63,Partly Cloudy,None,None
2016-11-08 05:00:00,52,52,100,VAR,2,28.63,Partly Cloudy,None,None
2016-11-08 06:00:00,52,52,100,VAR,4,28.65,Partly Cloudy,None,None
2016-11-08 07:00:00,52,50,94,S,4,28.65,Fog,None,None
2016-11-08 08:00:00,52,50,94,S,4,28.68,Fog,None,None
2016-11-08 09:00:00,54,50,88,S,4,28.68,Partly Cloudy,None,None
2016-11-08 10:00:00,55,50,82,S,4,28.68,Partly Cloudy,None,None
2016-11-08 11:00:00,57,48,72,SE,4,28.65,Partly Cloudy,None,None
2016-11-08 12:00:00,59,48,67,VAR,2,28.6,Partly Cloudy,None,None
2016-11-08 13:00:00,57,48,72,VAR,2,28.6,Partly Cloudy,None,None
2016-11-08 14:00:00,57,48,72,S,4,28.57,Partly Cloudy,None,None
2016-11-08 15:00:00,57,46,67,SSE,4,28.54,Partly Cloudy,None,None
2016-11-08 16:00:00,57,48,72,S,7,28.57,Partly Cloudy,None,None
2016-11-08 17:00:00,55,48,77,SSW,4,28.57,Partly Cloudy,None,None
2016-11-08 18:00:00,54,48,82,S,4,28.6,Partly Cloudy,None,None
2016-11-08 19:00:00,52,46,82,S,9,28.6,Light Rain,None,None
2016-11-08 20:00:00,50,48,94,SSW,4,28.63,Light Rain,None,None
2016-11-08 21:00:00,50,48,94,W,2,28.65,Light Rain,None,None
2016-11-08 22:00:00,50,50,100,CALM,0,28.63,Light Rain,None,None
2016-11-08 23:00:00,-1,-1,-1,-1,-1,-1,-1,-1,-1
2016-11-09 00:00:00,50,50,100,VAR,2,28.63,Light Rain,None,None
2016-11-09 01:00:00,50,48,94,VAR,2,28.63,Light Rain,None,None
2016-11-09 02:00:00,50,48,94,VAR,2,28.6,Light Rain,None,None
2016-11-09 03:00:00,48,48,100,VAR,2,28.6,Light Rain,None,None
2016-11-09 04:00:00,50,48,94,CALM,0,28.6,Light Rain,None,None
2016-11-09 05:00:00,48,48,100,VAR,2,28.6,Light Rain,None,None
2016-11-09 06:00:00,48,48,100,S,2,28.6,Light Rain,None,None
2016-11-09 07:00:00,50,50,100,VAR,2,28.57,Light Rain,None,None
2016-11-09 08:00:00,50,50,100,VAR,2,28.6,Light Rain,None,None
2016-11-09 09:00:00,50,50,100,NE,4,28.63,Light Rain,None,None
2016-11-09 10:00:00,52,48,88,SE,4,28.63,Light Rain,None,None
2016-11-09 11:00:00,52,50,94,ESE,4,28.63,Light Rain,None,None
2016-11-09 12:00:00,54,50,88,ESE,4,28.6,Mostly Cloudy,None,None
2016-11-09 13:00:00,54,48,82,CALM,0,28.57,Mostly Cloudy,None,None
2016-11-09 14:00:00,54,48,82,CALM,0,28.54,Mostly Cloudy,None,None
2016-11-09 15:00:00,57,48,72,E,4,28.49,Partly Cloudy,None,None
2016-11-09 16:00:00,55,48,77,CALM,0,28.49,Partly Cloudy,None,None
2016-11-09 17:00:00,55,48,77,CALM,0,28.52,Partly Cloudy,None,None
2016-11-09 18:00:00,54,48,82,CALM,0,28.52,Partly Cloudy,None,None
2016-11-09 19:00:00,54,48,82,CALM,0,28.54,Mostly Cloudy,None,None
2016-11-09 20:00:00,54,48,82,CALM,0,28.54,Mostly Cloudy,None,None
2016-11-09 21:00:00,54,50,88,CALM,0,28.57,Mostly Cloudy,None,None
2016-11-09 22:00:00,54,50,88,CALM,0,28.57,Partly Cloudy,None,None
2016-11-09 23:00:00,52,50,94,SW,2,28.57,Partly Cloudy,None,None
2016-11-10 00:00:00,52,50,94,SSW,2,28.57,Fair,None,None
2016-11-10 01:00:00,50,48,94,VAR,2,28.57,Fair,None,None
2016-11-10 02:00:00,50,48,94,SSW,2,28.54,Fog,None,None
2016-11-10 03:00:00,50,50,100,CALM,0,28.54,Fog,None,None
2016-11-10 04:00:00,48,48,100,CALM,0,28.54,Fog,None,None
2016-11-10 05:00:00,48,48,100,CALM,0,28.54,Fog,None,None
2016-11-10 06:00:00,48,48,100,CALM,0,28.54,Fog,None,None
2016-11-10 07:00:00,48,48,100,CALM,0,28.54,Fog,None,None
2016-11-10 08:00:00,48,48,100,SW,2,28.57,Fog,None,None
2016-11-10 09:00:00,52,52,100,SSW,4,28.57,Fog,None,None
2016-11-10 10:00:00,54,52,94,S,7,28.57,Fog,None,None
2016-11-10 11:00:00,55,50,82,WSW,4,28.57,Fog,None,None
2016-11-10 12:00:00,55,50,82,VAR,2,28.54,Fog,None,None
2016-11-10 13:00:00,55,50,82,VAR,2,28.52,Fog,None,None
2016-11-10 14:00:00,55,50,82,VAR,2,28.46,Fog,None,None
2016-11-10 15:00:00,55,50,82,CALM,0,28.43,Fog,None,None
2016-11-10 16:00:00,55,48,77,ESE,4,28.43,Partly Cloudy,None,None
2016-11-10 17:00:00,57,48,72,VAR,2,28.43,Partly Cloudy,None,None
2016-11-10 18:00:00,55,50,82,NNW,2,28.43,Mostly Cloudy,None,None
2016-11-10 19:00:00,54,50,88,CALM,0,28.43,Mostly Cloudy,None,None
2016-11-10 20:00:00,54,50,88,CALM,0,28.43,Mostly Cloudy,None,None
2016-11-10 21:00:00,54,50,88,CALM,0,28.46,Mostly Cloudy,None,None
2016-11-10 22:00:00,55,48,77,E,4,28.46,Mostly Cloudy,None,None
2016-11-10 23:00:00,54,50,88,CALM,0,28.46,Mostly Cloudy,None,None
2016-11-11 00:00:00,55,48,77,VAR,2,28.43,Mostly Cloudy,None,None
2016-11-11 01:00:00,54,50,88,CALM,0,28.4,Mostly Cloudy,None,None
2016-11-11 02:00:00,54,52,94,VAR,2,28.4,Partly Cloudy,None,None
2016-11-11 03:00:00,54,52,94,CALM,0,28.38,Partly Cloudy,None,None
2016-11-11 04:00:00,54,50,88,CALM,0,28.35,Light Rain,None,None
2016-11-11 05:00:00,52,52,100,S,4,28.35,Fog,None,None
2016-11-11 06:00:00,54,50,88,CALM,0,28.32,Light Rain,None,None
2016-11-11 07:00:00,52,50,94,CALM,0,28.29,Mostly Cloudy,None,None
2016-11-11 08:00:00,52,50,94,SW,2,28.32,Light Rain,None,None
2016-11-11 09:00:00,54,50,88,CALM,0,28.32,Light Rain,None,None
2016-11-11 10:00:00,54,52,94,SW,2,28.32,Light Rain,None,None
2016-11-11 11:00:00,54,52,94,VAR,2,28.29,Mostly Cloudy,None,None
2016-11-11 12:00:00,55,50,82,VAR,2,28.29,Mostly Cloudy,None,None
2016-11-11 13:00:00,55,50,82,VAR,2,28.24,Partly Cloudy,None,None
2016-11-11 14:00:00,55,48,77,CALM,0,28.21,Partly Cloudy,None,None
2016-11-11 15:00:00,57,50,77,VAR,2,28.21,Partly Cloudy,None,None
2016-11-11 16:00:00,57,48,72,VAR,2,28.21,Partly Cloudy,None,None
2016-11-11 17:00:00,57,48,72,E,4,28.21,Partly Cloudy,None,None
2016-11-11 18:00:00,55,48,77,VAR,2,28.24,Partly Cloudy,None,None
2016-11-11 19:00:00,55,50,82,VAR,2,28.27,Partly Cloudy,None,None
2016-11-11 20:00:00,54,52,94,CALM,0,28.29,Light Rain,None,None
2016-11-11 21:00:00,54,52,94,VAR,2,28.32,Light Rain,None,None
2016-11-11 22:00:00,54,52,94,VAR,2,28.32,Partly Cloudy,None,None
2016-11-11 23:00:00,52,52,100,VAR,2,28.35,Fog,None,None
2016-11-12 00:00:00,52,50,94,CALM,0,28.35,Fog,None,None
2016-11-12 01:00:00,48,48,100,SSW,4,28.32,Fog,None,None
2016-11-12 02:00:00,46,46,100,SW,2,28.32,Fog,None,None
2016-11-12 03:00:00,50,50,100,VAR,2,28.32,Fog,None,None
2016-11-12 04:00:00,50,50,100,SE,2,28.29,Fog,None,None
2016-11-12 05:00:00,50,50,100,CALM,0,28.32,Fog,None,None
2016-11-12 06:00:00,50,50,100,CALM,0,28.32,Fog,None,None
2016-11-12 07:00:00,50,50,100,CALM,0,28.32,Fog,None,None
2016-11-12 08:00:00,48,48,100,SSW,2,28.35,Fog,None,None
2016-11-12 09:00:00,50,50,100,CALM,0,28.35,Fog,None,None
2016-11-12 10:00:00,50,50,100,VAR,2,28.35,Fog,None,None
2016-11-12 11:00:00,52,52,100,S,4,28.35,Fog,None,None
2016-11-12 12:00:00,54,54,100,WSW,4,28.32,Fog,None,None
2016-11-12 13:00:00,59,54,82,SW,4,28.29,Fog,None,None
2016-11-12 14:00:00,63,54,72,VAR,2,28.24,Fog,None,None
2016-11-12 15:00:00,63,50,63,S,7,28.24,Partly Cloudy,None,None
2016-11-12 16:00:00,63,50,63,VAR,2,28.21,Partly Cloudy,None,None
2016-11-12 17:00:00,63,50,63,VAR,2,28.24,Fair,None,None
2016-11-12 18:00:00,59,52,77,CALM,0,28.24,Fair,None,None
2016-11-12 19:00:00,55,54,94,CALM,0,28.27,Partly Cloudy,None,None
2016-11-12 20:00:00,57,54,88,CALM,0,28.29,Partly Cloudy,None,None
2016-11-12 21:00:00,59,52,77,SE,4,28.32,Partly Cloudy,None,None
2016-11-12 22:00:00,59,52,77,ESE,4,28.32,Partly Cloudy,None,None
2016-11-12 23:00:00,57,52,82,CALM,0,28.35,Partly Cloudy,None,None
2016-11-13 00:00:00,55,54,94,CALM,0,28.35,Fair,None,None
2016-11-13 01:00:00,55,54,94,CALM,0,28.32,Fair,None,None
2016-11-13 02:00:00,55,54,94,CALM,0,28.32,Fair,None,None
2016-11-13 03:00:00,55,54,94,CALM,0,28.32,Fair,None,None
2016-11-13 04:00:00,55,54,94,CALM,0,28.32,Fair,None,None
2016-11-13 05:00:00,55,54,94,CALM,0,28.29,Fair,None,None
2016-11-13 06:00:00,55,54,94,CALM,0,28.32,Fog,None,None
2016-11-13 07:00:00,55,54,94,CALM,0,28.32,Fog,None,None
2016-11-13 08:00:00,55,54,94,SW,2,28.35,Fog,None,None
2016-11-13 09:00:00,55,54,94,SW,4,28.35,Fog,None,None
2016-11-13 10:00:00,57,54,88,SSE,4,28.38,Fog,None,None
2016-11-13 11:00:00,59,54,82,S,4,28.35,Fog,None,None
2016-11-13 12:00:00,61,54,77,VAR,4,28.32,Fog,None,None
2016-11-13 13:00:00,63,55,77,VAR,4,28.29,Fog,None,None
2016-11-13 14:00:00,66,54,64,SSE,4,28.27,Haze,None,None
2016-11-13 15:00:00,66,52,60,VAR,2,28.24,Haze,None,None
2016-11-13 16:00:00,64,52,64,VAR,4,28.21,Haze,None,None
2016-11-13 17:00:00,64,52,64,ESE,4,28.21,Haze,None,None
2016-11-13 18:00:00,63,50,63,VAR,2,28.24,Haze,None,None
2016-11-13 19:00:00,61,52,72,SSE,4,28.27,Fair,None,None
2016-11-13 20:00:00,61,52,72,ESE,4,28.27,Fair,None,None
2016-11-13 21:00:00,61,54,77,ESE,4,28.29,Fair,None,None
2016-11-13 22:00:00,57,54,88,CALM,0,28.29,Fair,None,None
2016-11-13 23:00:00,57,54,88,CALM,0,28.32,Fair,None,None
2016-11-14 00:00:00,57,55,94,CALM,0,28.32,Fair,None,None
2016-11-14 01:00:00,57,55,94,CALM,0,28.29,Fog,None,None
2016-11-14 02:00:00,57,55,94,CALM,0,28.29,Fog,None,None
2016-11-14 03:00:00,57,55,94,CALM,0,28.29,Fog,None,None
2016-11-14 04:00:00,55,55,100,CALM,0,28.29,Fog,None,None
2016-11-14 05:00:00,55,55,100,CALM,0,28.29,Fog,None,None
2016-11-14 06:00:00,55,55,100,CALM,0,28.32,Fog,None,None
2016-11-14 07:00:00,55,55,100,CALM,0,28.32,Fog,None,None
2016-11-14 08:00:00,55,55,100,CALM,0,28.35,Fog,None,None
2016-11-14 09:00:00,57,55,94,CALM,0,28.38,Fog,None,None
2016-11-14 10:00:00,59,55,88,CALM,0,28.4,Fog,None,None
2016-11-14 11:00:00,61,54,77,SSW,4,28.4,Fog,None,None
2016-11-14 12:00:00,64,55,73,SW,4,28.38,Fog,None,None
2016-11-14 13:00:00,66,55,68,S,7,28.35,Fog,None,None
2016-11-14 14:00:00,68,57,68,SW,4,28.32,Haze,None,None
2016-11-14 15:00:00,66,55,68,SW,4,28.29,Haze,None,None
2016-11-14 16:00:00,66,57,73,SSW,4,28.29,Haze,None,None
2016-11-14 17:00:00,66,57,73,SW,4,28.32,Haze,None,None
2016-11-14 18:00:00,63,57,82,S,4,28.32,Fog,None,None
2016-11-14 19:00:00,61,55,82,S,4,28.35,Fog,None,None
2016-11-14 20:00:00,61,57,88,VAR,4,28.38,Fog,None,None
2016-11-14 21:00:00,61,57,88,CALM,0,28.4,Fog,None,None
2016-11-14 22:00:00,57,55,94,CALM,0,28.4,Fog,None,None
2016-11-14 23:00:00,57,55,94,CALM,0,28.4,Fog,None,None
2016-11-15 00:00:00,57,55,94,VAR,2,28.4,Fog,None,None
2016-11-15 01:00:00,57,55,94,CALM,0,28.38,Fog,None,None
2016-11-15 02:00:00,59,57,94,CALM,0,28.38,Fog,None,None
2016-11-15 03:00:00,57,57,100,CALM,0,28.38,Fog,None,None
2016-11-15 04:00:00,57,57,100,CALM,0,28.35,Fog,None,None
2016-11-15 05:00:00,57,57,100,CALM,0,28.35,Fog,None,None
2016-11-15 06:00:00,57,57,100,CALM,0,28.32,Fog,None,None
2016-11-15 07:00:00,57,57,100,CALM,0,28.35,Fog,None,None
2016-11-15 08:00:00,59,57,94,CALM,0,28.35,Fog,None,None
2016-11-15 09:00:00,59,57,94,CALM,0,28.35,Fog,None,None
2016-11-15 10:00:00,59,57,94,CALM,0,28.35,Fog,None,None
2016-11-15 11:00:00,61,59,94,CALM,0,28.35,Fog,None,None
2016-11-15 12:00:00,61,59,94,CALM,0,28.32,Fog,None,None
2016-11-15 13:00:00,63,59,88,CALM,0,28.29,Fog,None,None
2016-11-15 14:00:00,63,57,82,VAR,2,28.24,Fog,None,None
2016-11-15 15:00:00,64,57,77,ENE,7,28.21,Fog,None,None
2016-11-15 16:00:00,64,55,73,E,7,28.18,Fog,None,None
2016-11-15 17:00:00,63,55,77,E,7,28.18,Fog,None,None
2016-11-15 18:00:00,63,55,77,E,7,28.18,Fog,None,None
2016-11-15 19:00:00,63,55,77,NE,9,28.18,Fog,None,None
2016-11-15 20:00:00,61,57,88,N,4,28.21,Fog,None,None
2016-11-15 21:00:00,59,57,94,N,4,28.24,Fog,None,None
2016-11-15 22:00:00,59,57,94,NNE,7,28.24,Fog,None,None
2016-11-15 23:00:00,59,57,94,N,4,28.24,Fog,None,None
2016-11-16 00:00:00,59,57,94,N,4,28.24,Fog,None,None
2016-11-16 01:00:00,59,57,94,N,4,28.24,Fog,None,None
2016-11-16 02:00:00,57,55,94,N,4,28.24,Fog,None,None
2016-11-16 03:00:00,57,55,94,N,4,28.27,Fog,None,None
2016-11-16 04:00:00,57,55,94,N,4,28.27,Fog,None,None
2016-11-16 05:00:00,57,55,94,VAR,2,28.27,Fog,None,None
2016-11-16 06:00:00,57,55,94,CALM,0,28.27,Fog,None,None
2016-11-16 07:00:00,57,55,94,CALM,0,28.27,Fog,None,None
2016-11-16 08:00:00,57,57,100,CALM,0,28.29,Fog,None,None
2016-11-16 09:00:00,59,57,94,WSW,4,28.32,Fog,None,None
2016-11-16 10:00:00,61,57,88,VAR,2,28.32,Fog,None,None
2016-11-16 11:00:00,63,57,82,SSW,4,28.32,Fog,None,None
2016-11-16 12:00:00,64,57,77,VAR,2,28.29,Fog,None,None
2016-11-16 13:00:00,66,57,73,VAR,2,28.27,Fog,None,None
2016-11-16 14:00:00,68,57,68,S,4,28.24,Haze,None,None
2016-11-16 15:00:00,68,57,68,VAR,2,28.21,Haze,None,None
2016-11-16 16:00:00,68,57,68,VAR,2,28.18,Haze,None,None
2016-11-16 17:00:00,68,57,68,VAR,2,28.21,Fog,None,None
2016-11-16 18:00:00,64,57,77,VAR,2,28.21,Fog,None,None
2016-11-16 19:00:00,63,57,82,VAR,2,28.24,Fog,None,None
2016-11-16 20:00:00,61,57,88,VAR,2,28.27,Fog,None,None
2016-11-16 21:00:00,61,57,88,CALM,0,28.29,Fog,None,None
2016-11-16 22:00:00,61,57,88,CALM,0,28.29,Fog,None,None
2016-11-16 23:00:00,61,57,88,CALM,0,28.29,Fog,None,None
2016-11-17 00:00:00,61,57,88,VAR,2,28.29,Fog,None,None
2016-11-17 01:00:00,61,57,88,CALM,0,28.29,Fog,None,None
2016-11-17 02:00:00,59,59,100,CALM,0,28.29,Fog,None,None
2016-11-17 03:00:00,59,57,94,CALM,0,28.27,Fog,None,None
2016-11-17 04:00:00,59,57,94,CALM,0,28.27,Fog,None,None
2016-11-17 05:00:00,59,57,94,CALM,0,28.27,Fog,None,None
2016-11-17 06:00:00,59,57,94,S,2,28.27,Fog,None,None
2016-11-17 07:00:00,59,57,94,SW,2,28.27,Fog,None,None
2016-11-17 08:00:00,59,57,94,SW,2,28.27,Fog,None,None
2016-11-17 09:00:00,61,57,88,CALM,0,28.29,Fog,None,None
2016-11-17 10:00:00,63,59,88,CALM,0,28.29,Fog,None,None
2016-11-17 11:00:00,66,57,73,VAR,2,28.29,Fog,None,None
2016-11-17 12:00:00,68,59,73,VAR,2,28.27,Fog,None,None
2016-11-17 13:00:00,70,57,64,VAR,2,28.21,Haze,None,None
2016-11-17 14:00:00,70,57,64,VAR,2,28.18,Haze,None,None
2016-11-17 15:00:00,70,55,60,VAR,2,28.15,Haze,None,None
2016-11-17 16:00:00,72,55,57,VAR,2,28.13,Haze,None,None
2016-11-17 17:00:00,70,57,64,CALM,0,28.13,Haze,None,None
2016-11-17 18:00:00,68,57,68,ENE,7,28.15,Haze,None,None
2016-11-17 19:00:00,68,57,68,ENE,7,28.15,Haze,None,None
2016-11-17 20:00:00,68,57,68,ENE,7,28.18,Haze,None,None
2016-11-17 21:00:00,66,57,73,E,7,28.21,Partly Cloudy,None,None
2016-11-17 22:00:00,66,57,73,E,7,28.24,Partly Cloudy,None,None
2016-11-17 23:00:00,64,57,77,VAR,2,28.24,Partly Cloudy,None,None
2016-11-18 00:00:00,63,59,88,VAR,2,28.24,Fog,None,None
2016-11-18 01:00:00,63,59,88,CALM,0,28.21,Partly Cloudy,None,None
2016-11-18 02:00:00,63,59,88,CALM,0,28.21,Partly Cloudy,None,None
2016-11-18 03:00:00,61,59,94,CALM,0,28.21,Fog,None,None
2016-11-18 04:00:00,61,59,94,CALM,0,28.18,Fog,None,None
2016-11-18 05:00:00,61,59,94,S,2,28.18,Fog,None,None
2016-11-18 06:00:00,61,59,94,CALM,0,28.18,Fog,None,None
2016-11-18 07:00:00,59,59,100,SSW,2,28.18,Fog,None,None
2016-11-18 08:00:00,61,59,94,VAR,2,28.18,Fog,None,None
2016-11-18 09:00:00,61,59,94,VAR,2,28.21,Fog,None,None
2016-11-18 10:00:00,63,61,94,SSW,4,28.21,Fog,None,None
2016-11-18 11:00:00,64,61,88,SSW,4,28.18,Fog,None,None
2016-11-18 12:00:00,64,59,83,VAR,2,28.15,Fog,None,None
2016-11-18 13:00:00,66,59,78,CALM,0,28.13,Fog,None,None
2016-11-18 14:00:00,70,59,68,SSW,4,28.1,Haze,None,None
2016-11-18 15:00:00,72,61,69,VAR,2,28.07,Haze,None,None
2016-11-18 16:00:00,70,57,64,VAR,4,28.07,Haze,None,None
2016-11-18 17:00:00,70,57,64,E,4,28.04,Haze,None,None
2016-11-18 18:00:00,68,59,73,VAR,2,28.07,Fog,None,None
2016-11-18 19:00:00,66,59,78,ESE,4,28.1,Fog,None,None
2016-11-18 20:00:00,64,57,77,E,4,28.13,Fog,None,None
2016-11-18 21:00:00,59,57,94,VAR,2,28.13,Fog,None,None
2016-11-18 22:00:00,59,57,94,CALM,0,28.13,Fog,None,None
2016-11-18 23:00:00,64,59,83,VAR,2,28.15,Fog,None,None
2016-11-19 00:00:00,63,59,88,VAR,2,28.15,Fog,None,None
2016-11-19 01:00:00,61,59,94,VAR,2,28.15,Fog,None,None
2016-11-19 02:00:00,61,59,94,N,4,28.15,Fog,None,None
2016-11-19 03:00:00,61,59,94,N,9,28.18,Fog,None,None
2016-11-19 04:00:00,61,57,88,N,4,28.18,Fog,None,None
2016-11-19 05:00:00,61,57,88,VAR,2,28.18,Fog,None,None
2016-11-19 06:00:00,61,57,88,N,4,28.21,Fog,None,None
2016-11-19 07:00:00,61,59,94,VAR,2,28.21,Fog,None,None
2016-11-19 08:00:00,61,59,94,CALM,0,28.24,Fog,None,None
2016-11-19 09:00:00,61,59,94,VAR,2,28.24,Fog,None,None
2016-11-19 10:00:00,63,59,88,CALM,0,28.27,Fog,None,None
2016-11-19 11:00:00,63,59,88,CALM,0,28.27,Fog,None,None
2016-11-19 12:00:00,63,59,88,CALM,0,28.24,Fog,None,None
2016-11-19 13:00:00,64,59,83,CALM,0,28.21,Fog,None,None
2016-11-19 14:00:00,66,59,78,CALM,0,28.18,Fog,None,None
2016-11-19 15:00:00,66,57,73,CALM,0,28.15,Fog,None,None
2016-11-19 16:00:00,66,57,73,VAR,2,28.15,Fog,None,None
2016-11-19 17:00:00,66,59,78,VAR,2,28.15,Fog,None,None
2016-11-19 18:00:00,64,59,83,VAR,2,28.15,Fog,None,None
2016-11-19 19:00:00,64,59,83,CALM,0,28.18,Fog,None,None
2016-11-19 20:00:00,63,59,88,CALM,0,28.21,Fog,None,None
2016-11-19 21:00:00,63,59,88,NNW,2,28.24,Fog,None,None
2016-11-19 22:00:00,63,59,88,NNW,2,28.24,Fair,None,None
2016-11-19 23:00:00,63,59,88,CALM,0,28.24,Fog,None,None
2016-11-20 00:00:00,61,59,94,CALM,0,28.27,Fog,None,None
2016-11-20 01:00:00,61,59,94,VAR,2,28.27,Fog,None,None
2016-11-20 02:00:00,61,59,94,CALM,0,28.27,Fog,None,None
2016-11-20 03:00:00,59,59,100,CALM,0,28.24,Fog,None,None
2016-11-20 04:00:00,61,59,94,WSW,2,28.24,Fog,None,None
2016-11-20 05:00:00,59,57,94,CALM,0,28.24,Fog,None,None
2016-11-20 06:00:00,61,57,88,CALM,0,28.24,Fog,None,None
2016-11-20 07:00:00,59,57,94,CALM,0,28.24,Fog,None,None
2016-11-20 08:00:00,59,59,100,CALM,0,28.27,Fog,None,None
2016-11-20 09:00:00,61,59,94,CALM,0,28.27,Fog,None,None
2016-11-20 10:00:00,61,59,94,SSW,4,28.27,Fog,None,None
2016-11-20 11:00:00,63,57,82,CALM,0,28.27,Fog,None,None
2016-11-20 12:00:00,64,57,77,CALM,0,28.24,Fair,None,None
2016-11-20 13:00:00,70,55,60,VAR,2,28.21,Fair,None,None
2016-11-20 14:00:00,72,54,53,VAR,2,28.15,Fair,None,None
2016-11-20 15:00:00,73,54,50,VAR,2,28.13,Fair,None,None
2016-11-20 16:00:00,72,55,57,S,4,28.1,Fair,None,None
2016-11-20 17:00:00,70,55,60,SSW,4,28.1,Fair,None,None
2016-11-20 18:00:00,66,55,68,SW,2,28.1,Fair,None,None
2016-11-20 19:00:00,61,55,82,SSW,2,28.13,Fair,None,None
2016-11-20 20:00:00,59,55,88,CALM,0,28.15,Fair,None,None
2016-11-20 21:00:00,59,55,88,CALM,0,28.15,Fair,None,None
2016-11-20 22:00:00,57,55,94,CALM,0,28.15,Fair,None,None
2016-11-20 23:00:00,55,55,100,CALM,0,28.15,Fog,None,None
2016-11-21 00:00:00,57,55,94,CALM,0,28.15,Fog,None,None
2016-11-21 01:00:00,55,54,94,CALM,0,28.15,Fog,None,None
2016-11-21 02:00:00,55,54,94,CALM,0,28.15,Fog,None,None
2016-11-21 03:00:00,55,54,94,CALM,0,28.15,Fog,None,None
2016-11-21 04:00:00,54,54,100,CALM,0,28.15,Fog,None,None
2016-11-21 05:00:00,54,54,100,CALM,0,28.15,Fog,None,None
2016-11-21 06:00:00,55,55,100,NNW,2,28.15,Fog,None,None
2016-11-21 07:00:00,57,55,94,VAR,2,28.18,Fog,None,None
2016-11-21 08:00:00,59,55,88,VAR,2,28.18,Fog,None,None
2016-11-21 09:00:00,57,55,94,VAR,2,28.21,Fog,None,None
2016-11-21 10:00:00,59,57,94,SW,4,28.21,Fog,None,None
2016-11-21 11:00:00,61,57,88,VAR,2,28.21,Fog,None,None
2016-11-21 12:00:00,61,57,88,VAR,2,28.18,Fog,None,None
2016-11-21 13:00:00,61,57,88,VAR,2,28.15,Fog,None,None
2016-11-21 14:00:00,63,57,82,CALM,0,28.1,Light Rain,None,None
2016-11-21 15:00:00,63,57,82,VAR,2,28.07,Fog,None,None
2016-11-21 16:00:00,63,57,82,VAR,2,28.07,Fog,None,None
2016-11-21 17:00:00,63,57,82,CALM,0,28.07,Fog,None,None
2016-11-21 18:00:00,61,57,88,VAR,2,28.07,Fog,None,None
2016-11-21 19:00:00,63,57,82,N,7,28.13,Fog,None,None
2016-11-21 20:00:00,63,59,88,NNE,9,28.18,Fog,None,None
2016-11-21 21:00:00,63,59,88,N,4,28.21,Fog,None,None
2016-11-21 22:00:00,61,59,94,NNW,4,28.21,Fog,None,None
2016-11-21 23:00:00,-1,-1,-1,-1,-1,-1,-1,-1,-1
2016-11-22 00:00:00,61,57,88,VAR,2,28.21,Fog,None,None
2016-11-22 01:00:00,61,57,88,VAR,2,28.24,Fog,None,None
2016-11-22 02:00:00,61,57,88,CALM,0,28.24,Fog,None,None
2016-11-22 03:00:00,59,57,94,CALM,0,28.21,Fog,None,None
2016-11-22 04:00:00,61,57,88,VAR,2,28.21,Fog,None,None
2016-11-22 05:00:00,61,48,63,NE,9,28.21,Partly Cloudy,None,None
2016-11-22 06:00:00,57,46,67,NNE,13,28.24,Partly Cloudy,None,None
2016-11-22 07:00:00,57,46,67,NNE,13,28.27,Partly Cloudy,None,None
2016-11-22 08:00:00,55,46,72,NNE,11,28.29,Partly Cloudy,None,None
2016-11-22 09:00:00,54,46,77,NNE,11,28.32,Partly Cloudy,None,None
2016-11-22 10:00:00,54,43,67,NNE,13,28.35,Partly Cloudy,None,None
2016-11-22 11:00:00,52,41,67,NNE,18,28.35,Partly Cloudy,None,None
2016-11-22 12:00:00,52,41,67,N,11,28.35,Partly Cloudy,None,None
2016-11-22 13:00:00,52,41,67,NNE,11,28.32,Mostly Cloudy,None,None
2016-11-22 14:00:00,52,39,62,NNE,13,28.29,Mostly Cloudy,None,None
2016-11-22 15:00:00,52,39,62,NNE,11,28.29,Partly Cloudy,None,None
2016-11-22 16:00:00,52,39,62,NNE,11,28.29,Partly Cloudy,None,None
2016-11-22 17:00:00,52,37,58,NNE,13,28.32,Partly Cloudy,None,None
2016-11-22 18:00:00,52,36,54,NNE,13,28.32,Mostly Cloudy,None,None
2016-11-22 19:00:00,50,39,66,N,7,28.35,Mostly Cloudy,None,None
2016-11-22 20:00:00,50,36,58,N,4,28.38,Mostly Cloudy,None,None
2016-11-22 21:00:00,50,36,58,N,7,28.43,Mostly Cloudy,None,None
2016-11-22 22:00:00,50,37,62,N,4,28.46,Light Rain,None,None
2016-11-22 23:00:00,48,36,62,NNW,4,28.46,Light Rain,None,None
2016-11-23 00:00:00,48,34,57,N,7,28.49,Mostly Cloudy,None,None
2016-11-23 01:00:00,48,36,62,N,4,28.49,Mostly Cloudy,None,None
2016-11-23 02:00:00,48,36,62,CALM,0,28.49,Mostly Cloudy,None,None
2016-11-23 03:00:00,48,36,62,N,4,28.49,Mostly Cloudy,None,None
2016-11-23 04:00:00,48,36,62,CALM,0,28.49,Mostly Cloudy,None,None
2016-11-23 05:00:00,48,39,71,VAR,2,28.52,Partly Cloudy,None,None
2016-11-23 06:00:00,48,41,76,VAR,2,28.52,Partly Cloudy,None,None
2016-11-23 07:00:00,48,39,71,VAR,2,28.54,Partly Cloudy,None,None
2016-11-23 08:00:00,48,28,46,NE,9,28.57,Partly Cloudy,None,None
2016-11-23 09:00:00,50,30,47,ENE,7,28.63,Partly Cloudy,None,None
2016-11-23 10:00:00,50,30,47,NNE,7,28.65,Partly Cloudy,None,None
2016-11-23 11:00:00,50,30,47,VAR,4,28.65,Partly Cloudy,None,None
2016-11-23 12:00:00,50,28,43,NNE,4,28.65,Partly Cloudy,None,None
2016-11-23 13:00:00,50,28,43,NNE,4,28.63,Fair,None,None
2016-11-23 14:00:00,52,30,44,CALM,0,28.6,Fair,None,None
2016-11-23 15:00:00,50,30,47,VAR,2,28.57,Fair,None,None
2016-11-23 16:00:00,50,28,43,ESE,4,28.57,Fair,None,None
2016-11-23 17:00:00,50,30,47,VAR,2,28.57,Fair,None,None
2016-11-23 18:00:00,50,30,47,VAR,2,28.6,Fair,None,None
2016-11-23 19:00:00,48,39,71,SW,4,28.6,Fair,None,None
2016-11-23 20:00:00,48,37,66,VAR,2,28.63,Fair,None,None
2016-11-23 21:00:00,48,30,50,VAR,2,28.63,Partly Cloudy,None,None
2016-11-23 22:00:00,48,36,62,VAR,4,28.63,Fair,None,None
2016-11-23 23:00:00,46,41,81,S,4,28.6,Fair,None,None
2016-11-24 00:00:00,46,37,71,VAR,2,28.6,Fair,None,None
2016-11-24 01:00:00,46,37,71,S,4,28.57,Fair,None,None
2016-11-24 02:00:00,46,39,76,S,4,28.57,Fair,None,None
2016-11-24 03:00:00,46,41,81,VAR,2,28.54,Partly Cloudy,None,None
2016-11-24 04:00:00,45,43,93,S,4,28.52,Partly Cloudy,None,None
2016-11-24 05:00:00,45,41,87,S,4,28.49,Partly Cloudy,None,None
2016-11-24 06:00:00,45,41,87,S,4,28.49,Partly Cloudy,None,None
2016-11-24 07:00:00,45,41,87,SSW,4,28.49,Partly Cloudy,None,None
2016-11-24 08:00:00,45,39,81,SSW,4,28.49,Partly Cloudy,None,None
2016-11-24 09:00:00,45,39,81,SSW,4,28.49,Partly Cloudy,None,None
2016-11-24 10:00:00,45,41,87,NE,7,28.49,Light Rain,None,None
2016-11-24 11:00:00,45,41,87,VAR,2,28.49,Light Rain,None,None
2016-11-24 12:00:00,45,37,76,VAR,2,28.46,Mostly Cloudy,None,None
2016-11-24 13:00:00,46,37,71,VAR,2,28.43,Partly Cloudy,None,None
2016-11-24 14:00:00,46,37,71,ENE,7,28.38,Partly Cloudy,None,None
2016-11-24 15:00:00,45,37,76,N,7,28.38,Mostly Cloudy,None,None
2016-11-24 16:00:00,46,36,66,N,7,28.35,Mostly Cloudy,None,None
2016-11-24 17:00:00,46,36,66,NNE,9,28.38,Mostly Cloudy,None,None
2016-11-24 18:00:00,45,37,76,N,4,28.4,Mostly Cloudy,None,None
2016-11-24 19:00:00,45,37,76,VAR,2,28.43,Mostly Cloudy,None,None
2016-11-24 20:00:00,45,37,76,N,2,28.46,Mostly Cloudy,None,None
2016-11-24 21:00:00,45,37,76,VAR,2,28.49,Mostly Cloudy,None,None
2016-11-24 22:00:00,45,37,76,VAR,2,28.49,Mostly Cloudy,None,None
2016-11-24 23:00:00,45,37,76,VAR,2,28.49,Mostly Cloudy,None,None
2016-11-25 00:00:00,45,37,76,VAR,2,28.49,Partly Cloudy,None,None
2016-11-25 01:00:00,43,37,81,VAR,2,28.49,Partly Cloudy,None,None
2016-11-25 02:00:00,39,37,93,N,2,28.46,Fair,None,None
2016-11-25 03:00:00,39,36,87,CALM,0,28.46,Fair,None,None
2016-11-25 04:00:00,39,37,93,NNW,2,28.43,Fair,None,None
2016-11-25 05:00:00,36,36,100,CALM,0,28.43,Fair,None,None
2016-11-25 06:00:00,36,36,100,WSW,2,28.43,Fog,None,None
2016-11-25 07:00:00,41,39,93,WNW,2,28.43,Fair,None,None
2016-11-25 08:00:00,39,39,100,VAR,2,28.46,Fog,None,None
2016-11-25 09:00:00,41,41,100,SSW,4,28.43,Fog,None,None
2016-11-25 10:00:00,45,39,81,VAR,2,28.43,Mist,None,None
2016-11-25 11:00:00,46,39,76,S,4,28.43,Fog,None,None
2016-11-25 12:00:00,48,39,71,NE,4,28.4,Haze,None,None
2016-11-25 13:00:00,50,39,66,NE,4,28.35,Haze,None,None
2016-11-25 14:00:00,50,39,66,NE,7,28.32,Haze,None,None
2016-11-25 15:00:00,50,37,62,NE,11,28.35,Partly Cloudy,None,None
2016-11-25 16:00:00,50,39,66,NNE,11,28.35,Mostly Cloudy,None,None
2016-11-25 17:00:00,48,39,71,NNE,13,28.43,Mostly Cloudy,None,None
2016-11-25 18:00:00,48,39,71,N,4,28.46,Mostly Cloudy,None,None
2016-11-25 19:00:00,46,39,76,VAR,2,28.52,Partly Cloudy,None,None
2016-11-25 20:00:00,48,39,71,VAR,2,28.57,Partly Cloudy,None,None
2016-11-25 21:00:00,48,39,71,VAR,2,28.57,Partly Cloudy,None,None
2016-11-25 22:00:00,46,41,81,VAR,2,28.63,Partly Cloudy,None,None
2016-11-25 23:00:00,46,41,81,VAR,2,28.65,Partly Cloudy,None,None
2016-11-26 00:00:00,43,41,93,CALM,0,28.68,Partly Cloudy,None,None
2016-11-26 01:00:00,45,41,87,CALM,0,28.68,Partly Cloudy,None,None
2016-11-26 02:00:00,46,41,81,VAR,2,28.68,Partly Cloudy,None,None
2016-11-26 03:00:00,46,43,87,SW,4,28.68,Partly Cloudy,None,None
2016-11-26 04:00:00,46,43,87,VAR,2,28.65,Fair,None,None
2016-11-26 05:00:00,46,43,87,VAR,2,28.65,Fog,None,None
2016-11-26 06:00:00,45,43,93,S,2,28.65,Fog,None,None
2016-11-26 07:00:00,45,43,93,CALM,0,28.65,Fog,None,None
2016-11-26 08:00:00,43,41,93,SSW,4,28.65,Fog,None,None
2016-11-26 09:00:00,45,43,93,SSW,4,28.65,Fog,None,None
2016-11-26 10:00:00,48,41,76,VAR,2,28.65,Fog,None,None
2016-11-26 11:00:00,54,39,58,S,7,28.65,Fair,None,None
2016-11-26 12:00:00,57,32,38,S,9,28.6,Fair,None,None
2016-11-26 13:00:00,59,30,34,SSW,9,28.54,Fair,None,None
2016-11-26 14:00:00,59,34,39,S,9,28.52,Fair,None,None
2016-11-26 15:00:00,57,30,36,S,9,28.49,Fair,None,None
2016-11-26 16:00:00,57,28,33,S,7,28.46,Fair,None,None
2016-11-26 17:00:00,57,32,38,SSE,9,28.46,Fair,None,None
2016-11-26 18:00:00,54,36,51,S,4,28.46,Fair,None,None
2016-11-26 19:00:00,50,34,54,S,4,28.49,Fair,None,None
2016-11-26 20:00:00,50,37,62,S,2,28.49,Fair,None,None
2016-11-26 21:00:00,50,36,58,SSW,4,28.52,Fair,None,None
2016-11-26 22:00:00,50,37,62,CALM,0,28.52,Fair,None,None
2016-11-26 23:00:00,48,37,66,S,4,28.52,Fair,None,None
2016-11-27 00:00:00,45,37,76,CALM,0,28.49,Fair,None,None
2016-11-27 01:00:00,43,37,81,SSW,2,28.46,Fair,None,None
2016-11-27 02:00:00,43,36,76,CALM,0,28.46,Fair,None,None
2016-11-27 03:00:00,45,39,81,CALM,0,28.43,Fair,None,None
2016-11-27 04:00:00,41,37,87,CALM,0,28.43,Fair,None,None
2016-11-27 05:00:00,41,37,87,CALM,0,28.4,Fair,None,None
2016-11-27 06:00:00,41,37,87,N,2,28.4,Fair,None,None
2016-11-27 07:00:00,41,39,93,VAR,2,28.4,Fair,None,None
2016-11-27 08:00:00,45,37,76,NNW,2,28.43,Fair,None,None
2016-11-27 09:00:00,48,41,76,VAR,2,28.46,Fair,None,None
2016-11-27 10:00:00,52,39,62,NNE,7,28.46,Fair,None,None
2016-11-27 11:00:00,54,37,54,N,4,28.49,Fair,None,None
2016-11-27 12:00:00,54,36,51,NNE,7,28.49,Fair,None,None
2016-11-27 13:00:00,55,37,51,N,7,28.46,Fair,None,None
2016-11-27 14:00:00,55,37,51,N,7,28.43,Fair,None,None
2016-11-27 15:00:00,55,36,47,N,7,28.4,Fair,None,None
2016-11-27 16:00:00,55,37,51,N,7,28.4,Fair,None,None
2016-11-27 17:00:00,54,39,58,NNW,7,28.43,Fair,None,None
2016-11-27 18:00:00,52,39,62,N,4,28.46,Fair,None,None
2016-11-27 19:00:00,52,41,67,NNW,4,28.49,Fair,None,None
2016-11-27 20:00:00,50,41,71,VAR,2,28.49,Fair,None,None
2016-11-27 21:00:00,50,41,71,CALM,0,28.52,Fair,None,None
2016-11-27 22:00:00,50,43,76,CALM,0,28.52,Fair,None,None
2016-11-27 23:00:00,50,43,76,CALM,0,28.54,Fair,None,None
2016-11-28 00:00:00,48,43,82,SSW,2,28.54,Fair,None,None
2016-11-28 01:00:00,50,41,71,CALM,0,28.52,Fair,None,None
2016-11-28 02:00:00,48,45,87,CALM,0,28.52,Fair,None,None
2016-11-28 03:00:00,48,45,87,CALM,0,28.49,Fair,None,None
2016-11-28 04:00:00,48,45,87,CALM,0,28.49,Fair,None,None
2016-11-28 05:00:00,48,45,87,CALM,0,28.49,Fair,None,None
2016-11-28 06:00:00,48,45,87,CALM,0,28.46,Partly Cloudy,None,None
2016-11-28 07:00:00,48,45,87,CALM,0,28.49,Fog,None,None
2016-11-28 08:00:00,48,45,87,CALM,0,28.52,Fog,None,None
2016-11-28 09:00:00,50,45,82,CALM,0,28.52,Fog,None,None
2016-11-28 10:00:00,50,43,76,CALM,0,28.54,Fog,None,None
2016-11-28 11:00:00,52,43,71,CALM,0,28.54,Fog,None,None
2016-11-28 12:00:00,54,43,67,VAR,2,28.52,Haze,None,None
2016-11-28 13:00:00,55,41,58,VAR,2,28.49,Haze,None,None
2016-11-28 14:00:00,55,39,54,CALM,0,28.43,Haze,None,None
2016-11-28 15:00:00,57,39,51,CALM,0,28.43,Haze,None,None
2016-11-28 16:00:00,55,41,58,CALM,0,28.43,Haze,None,None
2016-11-28 17:00:00,55,39,54,ENE,7,28.43,Haze,None,None
2016-11-28 18:00:00,55,39,54,ENE,4,28.46,Partly Cloudy,None,None
2016-11-28 19:00:00,54,39,58,N,4,28.46,Partly Cloudy,None,None
2016-11-28 20:00:00,52,41,67,VAR,2,28.49,Partly Cloudy,None,None
2016-11-28 21:00:00,52,43,71,VAR,2,28.52,Partly Cloudy,None,None
2016-11-28 22:00:00,52,43,71,VAR,2,28.54,Partly Cloudy,None,None
2016-11-28 23:00:00,50,43,76,VAR,2,28.54,Partly Cloudy,None,None
2016-11-29 00:00:00,50,43,76,VAR,2,28.57,Partly Cloudy,None,None
2016-11-29 01:00:00,50,43,76,VAR,2,28.57,Partly Cloudy,None,None
2016-11-29 02:00:00,50,43,76,NNW,2,28.57,Partly Cloudy,None,None
2016-11-29 03:00:00,50,43,76,NNW,2,28.57,Partly Cloudy,None,None
2016-11-29 04:00:00,50,43,76,CALM,0,28.57,Partly Cloudy,None,None
2016-11-29 05:00:00,50,43,76,VAR,2,28.57,Light Rain,None,None
2016-11-29 06:00:00,48,43,82,CALM,0,28.57,Light Rain,None,None
2016-11-29 07:00:00,48,46,93,CALM,0,28.63,Light Rain,None,None
2016-11-29 08:00:00,48,46,93,VAR,2,28.63,Light Rain,None,None
2016-11-29 09:00:00,48,46,93,WSW,4,28.65,Fog,None,None
2016-11-29 10:00:00,50,46,87,SW,7,28.65,Fog,None,None
2016-11-29 11:00:00,52,45,76,SW,7,28.65,Fair,None,None
2016-11-29 12:00:00,55,46,72,SSW,7,28.63,Fair,None,None
2016-11-29 13:00:00,57,45,63,WSW,4,28.6,Fair,None,None
2016-11-29 14:00:00,59,43,55,SW,4,28.57,Partly Cloudy,None,None
2016-11-29 15:00:00,59,43,55,SW,7,28.54,Partly Cloudy,None,None
2016-11-29 16:00:00,59,41,51,VAR,2,28.52,Fair,None,None
2016-11-29 17:00:00,59,41,51,CALM,0,28.54,Fair,None,None
2016-11-29 18:00:00,54,43,67,SW,2,28.54,Fair,None,None
2016-11-29 19:00:00,55,43,63,WSW,4,28.57,Fair,None,None
2016-11-29 20:00:00,55,45,67,VAR,2,28.6,Fair,None,None
2016-11-29 21:00:00,54,45,72,CALM,0,28.63,Fair,None,None
2016-11-29 22:00:00,54,45,72,CALM,0,28.65,Fair,None,None
2016-11-29 23:00:00,54,45,72,VAR,2,28.68,Partly Cloudy,None,None
2016-11-30 00:00:00,54,43,67,NNW,2,28.68,Partly Cloudy,None,None
2016-11-30 01:00:00,54,45,72,VAR,2,28.68,Partly Cloudy,None,None
2016-11-30 02:00:00,52,45,76,CALM,0,28.68,Partly Cloudy,None,None
2016-11-30 03:00:00,50,45,82,CALM,0,28.68,Partly Cloudy,None,None
2016-11-30 04:00:00,50,46,87,CALM,0,28.65,Partly Cloudy,None,None
2016-11-30 05:00:00,52,46,82,SW,4,28.63,Partly Cloudy,None,None
2016-11-30 06:00:00,50,46,87,SSW,4,28.63,Partly Cloudy,None,None
2016-11-30 07:00:00,52,46,82,VAR,2,28.65,Fair,None,None
2016-11-30 08:00:00,52,46,82,SE,4,28.68,Fog,None,None
2016-11-30 09:00:00,52,46,82,VAR,2,28.68,Partly Cloudy,None,None
2016-11-30 10:00:00,55,46,72,VAR,2,28.71,Partly Cloudy,None,None
2016-11-30 11:00:00,55,46,72,VAR,2,28.71,Partly Cloudy,None,None
2016-11-30 12:00:00,59,45,59,VAR,2,28.68,Fair,None,None
2016-11-30 13:00:00,63,45,52,VAR,4,28.63,Fair,None,None
2016-11-30 14:00:00,63,43,48,SSE,4,28.6,Fair,None,None
2016-11-30 15:00:00,63,41,45,VAR,4,28.54,Fair,None,None
2016-11-30 16:00:00,63,41,45,S,4,28.54,Fair,None,None
2016-11-30 17:00:00,61,43,52,SSW,4,28.54,Fair,None,None
2016-11-30 18:00:00,55,45,67,SW,2,28.57,Fair,None,None
2016-11-30 19:00:00,52,45,76,SW,2,28.57,Fair,None,None
2016-11-30 20:00:00,48,45,87,VAR,2,28.6,Fair,None,None
2016-11-30 21:00:00,48,45,87,VAR,2,28.6,Fair,None,None
2016-11-30 22:00:00,52,45,76,VAR,2,28.6,Fair,None,None
2016-11-30 23:00:00,52,45,76,VAR,2,28.6,Fair,None,None
